Year,Site,N.Sus,Tree_cover,Mean_temp,Annual_prec,pH,NH4,SO4,K,NO3,cv_prec,tot_prec_growing_season,mean_temp_growing_season,CDD_annuale,CDD_growing_season,DefM,Richness,Shrub_cover,TX90p_annual,Temp_seasonality,Forest_type
1999,ABR1,12,93.67,10.67,1344.3,6.363,0.01,0.767,0.534,0.267,59.74,380.8,15.79,30,30,NA,23,0.92,16.67,6.75,Nemoral beech forest
1999,BAS1,12,69.58,11.78,621,NA,NA,NA,NA,NA,57.75,188.3,17.03,30,30,NA,75,27.08,8.84,6.9,Nemoral oak forest
1999,CAL1,12,NA,14.78,893.2,NA,NA,NA,NA,NA,65.04,163.3,19.69,29,29,NA,34,NA,19.66,6.64,Nemoral beech forest
1999,CAM1,12,87.92,11.63,695.9,NA,NA,NA,NA,NA,52.3,212.5,16.89,31,31,NA,31,4.51,14.3,6.92,Nemoral beech forest
1999,EMI1,12,80.83,13.38,781.4,NA,NA,NA,NA,NA,81.07,312.2,20.58,28,20,NA,28,6.17,9.31,8.51,Nemoral oak forest
1999,EMI2,12,82.08,11.65,1215.4,NA,NA,NA,NA,NA,62.03,295.3,17.31,18,18,NA,33,12.92,9.84,7.21,Nemoral beech forest
1999,FRI1,12,90.17,13.11,880.3,NA,NA,NA,NA,NA,48.26,450.4,19.63,18,18,NA,51,11.63,7.95,8,Nemoral oak forest
1999,FRI2,12,70.83,5.52,1507.5,NA,NA,NA,NA,NA,43.74,730.2,11.28,15,8,NA,54,1.29,10.19,7.16,Boreal forest
1999,LAZ1,12,88.33,13.91,803.8,5.683,0.028,2.303,0.356,0.018,51.41,233.9,19.29,31,31,NA,54,20.42,6.42,7.09,Nemoral oak forest
1999,LOM1,11,30,0.83,1720.5,NA,NA,NA,NA,NA,42.77,858.9,5.88,15,11,NA,52,17.55,12.85,6.65,Boreal forest
1999,PIE1,12,93.75,9.01,985.3,NA,NA,NA,NA,NA,50.55,517.6,14.74,17,8,NA,15,0.23,12.49,6.92,Nemoral beech forest
1999,PUG1,12,77.42,13.57,212.1,NA,NA,NA,NA,NA,56.55,84.3,18.73,33,33,NA,29,14.75,22.48,6.87,Nemoral beech forest
1999,SAR1,12,83.75,15.2,715.6,NA,NA,NA,NA,NA,85,126.3,19.64,88,85,NA,16,2.54,16.71,6.45,Mediterranean forest
1999,TOS1,12,85,15.23,866.9,NA,NA,NA,NA,NA,80.46,169.6,20.49,30,30,NA,31,17.33,17.6,6.85,Mediterranean forest
1999,TRE1,12,28.83,9.05,910.3,NA,NA,NA,NA,NA,45.35,494.8,15.18,26,12,NA,15,0.83,6.11,7.44,Boreal forest
1999,UMB1,12,72.33,12.77,1131.3,NA,NA,NA,NA,NA,51.41,386.7,18.39,17,17,NA,54,76.67,13.26,7.16,Nemoral oak forest
1999,VAL1,12,55.83,3.34,1229.7,NA,NA,NA,NA,NA,40.64,627.5,8.27,13,7,NA,32,1.67,10.8,6.5,Boreal forest
1999,VEN1,12,76.67,8.63,1277.6,NA,NA,NA,NA,NA,47.33,692.9,14.83,27,16,NA,26,0,14.56,7.59,Nemoral beech forest
2000,ABR1,12,94.67,11.46,971.7,6.661,0.026,0.786,0.364,0.01,79.68,220.9,16.57,25,25,23,24,2,21.13,6.46,Nemoral beech forest
2000,CAL1,12,82.92,14.52,1083.8,NA,NA,NA,NA,NA,94.64,194.3,19.28,51,47,37.17,31,1.42,11.92,6.23,Nemoral beech forest
2000,CAM1,12,81.67,12.17,477.7,NA,NA,NA,NA,NA,58.26,129.5,17.49,53,47,23,26,4.58,20.55,6.81,Nemoral beech forest
2000,EMI1,12,70,14.09,550.4,NA,NA,NA,NA,NA,93.36,153.6,21.16,51,34,25.74,38,3.5,13.38,8.27,Nemoral oak forest
2000,FRI1,12,90,13.64,941,NA,NA,NA,NA,NA,84.24,290.5,19.92,38,21,19.17,50,12.58,11.15,7.5,Nemoral oak forest
2000,LAZ1,12,80.92,14.99,747.9,5.403,0.089,1.955,0.421,0.01,98.13,157,20.14,26,26,18.5,52,18.33,1.88,6.61,Nemoral oak forest
2000,LOM1,11,49.09,1.22,1917.8,NA,NA,NA,NA,NA,70.43,804.7,6.09,17,7,16.33,54,16.09,11.5,6.18,Boreal forest
2000,MAR1,12,73.33,14.72,847.7,NA,NA,NA,NA,NA,60.48,256.6,20.23,21,21,25.58,61,36.67,19.88,6.59,Nemoral oak forest
2000,TOS1,12,90,15.46,1071.1,NA,NA,NA,NA,NA,105.71,177.9,20.42,27,26,24.33,26,13.92,12.84,6.24,Mediterranean forest
2000,VAL1,12,57.08,3.77,1290.8,NA,NA,NA,NA,NA,75.62,514.3,8.42,21,9,23.67,34,0.83,12.26,5.93,Boreal forest
2000,VEN1,12,93.75,9.51,1348.4,NA,NA,NA,NA,NA,91.65,449.6,15.45,46,13,16,33,0,18.68,7.02,Nemoral beech forest
2001,ABR1,12,94.42,11.24,898.1,6.879,0.058,0.767,0.511,0.01,68.44,320.9,15.88,30,30,8.5,23,0.75,17.53,6.41,Nemoral beech forest
2001,CAL1,12,80,14.72,1008.8,NA,NA,NA,NA,NA,83.83,281.9,18.76,63,63,36.17,35,2.58,13.97,5.93,Nemoral beech forest
2001,CAM1,12,87.42,11.88,399.1,NA,NA,NA,NA,NA,74.44,110.3,16.37,53,53,26.5,28,2.58,24.93,6.36,Nemoral beech forest
2001,EMI1,12,74.58,14.36,599.6,NA,NA,NA,NA,NA,57.92,234.5,21.54,33,21,23.85,42,2,13.42,8.45,Nemoral oak forest
2001,FRI1,12,92.08,13.4,750.7,NA,NA,NA,NA,NA,76.47,271.8,19.57,28,20,18.75,55,17.92,7.95,7.39,Nemoral oak forest
2001,LAZ1,12,82.5,14.95,548.9,5.486,0.019,2.881,0.41,0.01,61.44,168.7,19.76,31,31,23,56,20,6.03,6.54,Nemoral oak forest
2001,LOM1,11,46.82,0.8,1406.9,NA,NA,NA,NA,NA,57.55,726,5.66,30,8,18,53,15,13.15,6.53,Boreal forest
2001,MAR1,12,72.08,14.18,848.8,NA,NA,NA,NA,NA,62.01,216.6,19.47,30,30,22.07,58,37.5,17.26,6.94,Nemoral oak forest
2001,TOS1,12,85.83,15.35,688.5,NA,NA,NA,NA,NA,72.01,135.1,20.19,48,48,26.33,29,12.92,19.18,6.45,Mediterranean forest
2001,VAL1,12,53.33,3.61,1356.8,NA,NA,NA,NA,NA,58.49,628.6,8.41,16,9,20.33,38,0.67,10.41,6.33,Boreal forest
2001,VEN1,12,97,9.01,1066.6,NA,NA,NA,NA,NA,66.01,485.3,15,34,10,14.83,33,0,13.42,7.35,Nemoral beech forest
2002,ABR1,12,94.83,11.11,978.8,6.549,0.188,1.196,0.389,0.109,46.91,427.6,15.44,18,18,27.17,22,0.83,15.89,5.47,Nemoral beech forest
2002,CAL1,12,85,14.1,1349.4,NA,NA,NA,NA,NA,75.18,427.2,17.93,33,33,31.33,34,2.25,9.86,5.29,Nemoral beech forest
2002,CAM1,12,93.5,12.46,533.9,NA,NA,NA,NA,NA,59.35,191.9,16.49,36,36,23,35,2.58,24.66,5.45,Nemoral beech forest
2002,EMI1,12,85,13.76,816.6,NA,NA,NA,NA,NA,61.12,379,20.09,31,23,23.46,40,1.22,13.7,7.67,Nemoral oak forest
2002,FRI1,12,92.58,13.72,1046.7,NA,NA,NA,NA,NA,58.69,494.1,19.63,32,9,23.79,53,20.42,11.23,7.11,Nemoral oak forest
2002,LAZ1,12,20.25,15.13,671.1,5.476,0.025,2.106,0.816,0.01,61.31,301.4,19.71,23,20,26.17,51,4.17,7.67,5.9,Nemoral oak forest
2002,LOM1,11,48.18,1.43,1752,NA,NA,NA,NA,NA,94.17,804.7,5.82,22,10,19.5,55,15.82,10.96,5.61,Boreal forest
2002,MAR1,12,68.33,14.41,947,NA,NA,NA,NA,NA,83.12,392.4,19.22,15,15,17.07,59,37.92,21.37,6.32,Nemoral oak forest
2002,SAR1,12,89.17,15.53,759.7,NA,NA,NA,NA,NA,66.95,306.5,19.41,33,33,23.1,24,5.25,15.34,5.5,Mediterranean forest
2002,TOS1,12,84.17,15.32,904.8,NA,NA,NA,NA,NA,54.4,387.2,19.92,29,20,21.33,29,15.25,14.79,5.95,Mediterranean forest
2002,VAL1,12,52.5,4.04,1325.1,NA,NA,NA,NA,NA,51.63,605.6,8.3,22,12,23.39,34,0.75,10.41,5.33,Boreal forest
2002,VEN1,12,96.33,9.46,1636.4,NA,NA,NA,NA,NA,63.51,972.4,14.89,27,9,19.33,35,0,11.51,6.63,Nemoral beech forest
2003,ABR1,12,90.67,11.48,759.7,6.8,0.028,1.6,0.225,0.01,76.98,155.3,17.37,32,32,21.83,19,3.25,20.82,7.23,Nemoral beech forest
2003,CAL1,12,82.33,14.31,1231.9,NA,NA,NA,NA,NA,89.69,259.8,19.5,42,42,31.33,30,0.92,10.68,6.88,Nemoral beech forest
2003,CAM1,12,91.83,12.86,543.9,NA,NA,NA,NA,NA,91.87,118.5,18.1,30,29,22,33,2.33,29.32,6.89,Nemoral beech forest
2003,EMI1,12,72.92,14.84,359.7,NA,NA,NA,NA,NA,122.89,103.4,22.78,50,38,45.17,26,31.67,24.66,9.27,Nemoral oak forest
2003,FRI1,12,87.08,13.79,662.5,NA,NA,NA,NA,NA,71.75,253.1,21.38,56,13,23.23,57,15.83,21.1,8.66,Nemoral oak forest
2003,LAZ1,12,60.83,15.6,452.6,5.106,0.016,2.771,0.454,0.02,85.22,92.2,22.24,43,43,30,49,18.75,32.6,8.05,Nemoral oak forest
2003,LOM1,11,53.64,2.34,875.8,NA,NA,NA,NA,NA,61.27,464.1,8.43,25,17,21.5,58,10.82,17.81,7.59,Boreal forest
2003,MAR1,12,81.25,14.56,677.7,NA,NA,NA,NA,NA,70.03,183.8,21.58,26,26,15.83,59,45.83,29.04,8.29,Nemoral oak forest
2003,TOS1,12,80.42,15.85,635.6,NA,NA,NA,NA,NA,96.79,161.5,22.34,32,32,22,27,37.5,32.33,7.88,Mediterranean forest
2003,VAL1,12,60.42,4.23,819.7,NA,NA,NA,NA,NA,52.48,341.5,10.69,24,11,24.35,31,1.08,22.74,7.77,Boreal forest
2003,VEN1,12,83.33,9.51,1013,NA,NA,NA,NA,NA,76.34,472.9,16.75,56,12,18.17,37,0,26.3,8.41,Nemoral beech forest
2004,ABR1,12,90.33,11.43,1224.4,7.492,0.025,1.046,0.342,0.01,50.2,420,15.85,39,25,5.33,21,3.17,32.24,6.41,Nemoral beech forest
2004,CAL1,12,85,13.92,1590.5,NA,NA,NA,NA,NA,90.2,423.7,17.84,42,37,12.5,32,1.25,9.02,5.69,Nemoral beech forest
2004,CAM1,12,78.17,12.58,685.3,NA,NA,NA,NA,NA,45.06,209.4,16.22,27,26,11.67,39,1.92,23.5,5.77,Nemoral beech forest
2004,EMI1,12,67.92,13.73,629.1,NA,NA,NA,NA,NA,54.3,158.4,20.33,31,27,37.83,31,19.58,9.02,8,Nemoral oak forest
2004,FRI1,12,86.33,12.95,927,NA,NA,NA,NA,NA,45.13,363.3,19,21,19,3,61,20.5,6.28,7.56,Nemoral oak forest
2004,LAZ1,12,90,13.51,1011,5.687,0.054,2.473,0.313,0.01,67.22,272.5,18.41,40,40,16.52,48,34.17,17.21,6.84,Nemoral oak forest
2004,LOM1,11,60,1.94,1017.2,NA,NA,NA,NA,NA,53.25,502,5.94,18,10,9.5,54,11.18,11.75,5.89,Boreal forest
2004,MAR1,12,70.42,13.5,1064.2,NA,NA,NA,NA,NA,43.48,367,18.45,21,21,7.17,58,57.92,12.57,6.81,Nemoral oak forest
2004,TOS1,12,69.58,15.02,756.1,NA,NA,NA,NA,NA,69.01,159.3,19.58,39,39,13.33,28,27.92,14.48,6.46,Mediterranean forest
2004,VAL1,12,60.83,3.43,1002.7,NA,NA,NA,NA,NA,70.01,417.9,7.9,16,16,10.33,32,1.25,13.11,6.17,Boreal forest
2004,VEN1,12,87.5,8.75,1259.2,NA,NA,NA,NA,NA,44.45,563.2,14.58,23,8,8.55,38,0,13.66,7.37,Nemoral beech forest
2005,ABR1,12,90.75,11.74,1253.9,6.894,0.018,1.05,0.244,0.163,69.53,272.5,17.26,46,46,14.67,21,3.17,26.3,7,Nemoral beech forest
2005,ABR2,12,82.5,11.86,905.4,NA,NA,NA,NA,NA,63.45,202.1,17.25,26,26,19.52,65,15,18.9,6.94,Nemoral oak forest
2005,BAS1,12,81.67,12.23,611.3,NA,NA,NA,NA,NA,70.78,112,17.03,24,24,28.33,76,9.5,18.63,6.47,Nemoral oak forest
2005,BOL1,12,35,10.86,570.9,NA,NA,NA,NA,NA,74.47,308.5,17.75,33,9,15.5,71,35.42,18.63,8.21,Boreal forest
2005,CAL1,12,83.75,13.34,1419.8,NA,NA,NA,NA,NA,54.82,359,17.94,20,19,23.47,37,0.71,4.93,6.28,Nemoral beech forest
2005,CAM1,12,94.17,12.22,724,NA,NA,NA,NA,NA,67.33,135.3,16.92,24,24,18.5,29,2.67,19.45,6.38,Nemoral beech forest
2005,EMI1,12,84.58,12.57,655.5,NA,NA,NA,NA,NA,83.82,243.6,19.65,50,23,38,27,17.5,9.32,8.52,Nemoral oak forest
2005,EMI2,12,100,10.76,1039.5,NA,NA,NA,NA,NA,66.84,398.5,17.1,21,17,6.96,23,6.25,12.6,7.9,Nemoral beech forest
2005,FRI1,12,86.58,12.54,855.5,NA,NA,NA,NA,NA,61.03,461.2,19.15,24,12,19.25,63,26.25,7.4,7.97,Nemoral oak forest
2005,FRI2,12,72.5,4.63,1412,NA,NA,NA,NA,NA,55.46,788.6,10.84,21,10,13.87,52,10.58,13.15,7.63,Boreal forest
2005,LAZ1,12,73.33,12.94,953.8,5.46,0.051,2.314,0.227,0.01,77.61,231.4,18.81,25,25,13.17,54,21.67,13.15,7.38,Nemoral oak forest
2005,LAZ2,12,86.25,16.31,1000.9,NA,NA,NA,NA,NA,72.2,168.6,20.59,26,26,11.67,19,21.25,37.26,6.11,Mediterranean forest
2005,LIG1,12,79.58,9.13,1295.5,NA,NA,NA,NA,NA,75.85,512.1,14.58,42,17,21.52,24,0.29,16.16,6.94,Nemoral beech forest
2005,LOM1,11,60.91,1.52,849.4,5.665,0.03,0.554,0.377,0.168,49.06,508.6,6.66,20,10,19.5,55,8.09,14.79,6.77,Boreal forest
2005,LOM2,12,78.75,7.32,928.5,NA,NA,NA,NA,NA,58.81,502.8,12.88,33,9,16.5,35,0.83,10.68,6.81,Boreal forest
2005,LOM3,12,92.17,7.02,801,NA,NA,NA,NA,NA,52.79,444.8,12.72,21,10,19.33,45,0.42,16.16,6.99,Nemoral beech forest
2005,MAR1,12,84.58,12.74,1120.9,NA,NA,NA,NA,NA,51.24,424.7,18.73,23,23,9.33,59,34.17,9.86,7.29,Nemoral oak forest
2005,PIE1,12,99.58,9.1,554.5,NA,NA,NA,NA,NA,74.8,379.4,15.28,59,10,27.17,13,0.67,15.62,7.49,Nemoral beech forest
2005,PUG1,12,94.42,13.91,252.6,NA,NA,NA,NA,NA,78.86,28.9,18.82,32,32,19.03,25,12.33,13.7,6.58,Nemoral beech forest
2005,SAR1,12,80.83,14.55,901,NA,NA,NA,NA,NA,96.94,238.2,19.05,67,67,11.38,20,7,11.78,6.45,Mediterranean forest
2005,SIC1,12,65,15.4,468.3,NA,NA,NA,NA,NA,101.23,69.8,19.08,44,44,13.19,37,54.58,8.49,6.09,Nemoral oak forest
2005,TOS1,12,78.75,14.6,828.1,NA,NA,NA,NA,NA,68.54,196.7,20.33,32,32,21.33,30,39.58,14.79,7.3,Mediterranean forest
2005,TOS2,12,71.25,14.39,619.5,NA,NA,NA,NA,NA,77.25,126.9,19.65,26,26,26.33,18,19.58,19.18,6.93,Mediterranean forest
2005,TOS3,12,91.25,10.51,1174.1,NA,NA,NA,NA,NA,75.02,381.1,16.48,22,22,25.67,17,4.58,11.51,7.48,Nemoral beech forest
2005,TRE1,12,35,8.8,755.1,NA,NA,NA,NA,NA,62.59,412.4,15.15,32,8,11.5,15,2.83,24.38,7.67,Boreal forest
2005,UMB1,12,85.42,11.76,1342.7,NA,NA,NA,NA,NA,70.1,451.9,17.75,23,23,22.17,45,85,10.68,7.35,Nemoral oak forest
2005,VAL1,12,62.5,3.05,789.9,NA,NA,NA,NA,NA,49.08,426,8.5,17,10,18.79,32,1.33,16.16,7.18,Boreal forest
2005,VEN1,12,88.33,8.33,1102.8,NA,NA,NA,NA,NA,72.43,584.8,14.82,33,9,17.07,35,0,18.63,7.87,Nemoral beech forest
2006,ABR1,12,91.08,12.69,888.3,6.958,0.01,0.866,0.178,0.01,70.16,260.9,17.66,24,24,13.67,21,3.5,45.21,6.49,Nemoral beech forest
2006,BAS1,12,79.58,12.78,555.5,NA,NA,NA,NA,NA,55.71,186.2,17.19,23,22,14,63,7.5,15.62,6.06,Nemoral oak forest
2006,CAL1,12,86.08,13.94,1197.6,NA,NA,NA,NA,NA,57.87,276.8,18.56,21,21,24.3,39,0.79,14.25,5.95,Nemoral beech forest
2006,CAM1,12,93.58,12.83,669.8,NA,NA,NA,NA,NA,54.02,214,17.11,23,22,22.17,28,1.67,24.66,5.97,Nemoral beech forest
2006,EMI1,12,88.25,13.61,481.5,NA,NA,NA,NA,NA,76.17,140.5,20.51,29,29,36.52,30,15.83,23.29,8.64,Nemoral oak forest
2006,FRI1,12,89.75,13.18,777.9,NA,NA,NA,NA,NA,75.87,366.2,19.42,30,30,14.52,53,26.42,19.45,7.92,Nemoral oak forest
2006,LAZ1,12,73.33,13.86,579.2,5.796,0.084,1.946,0.124,0.01,62.83,118.3,19.03,30,30,11.67,52,14.58,14.52,6.84,Nemoral oak forest
2006,LOM1,11,63.18,2.37,1070.7,5.557,0.073,0.397,0.567,0.114,46.19,523.6,6.58,22,22,19.67,55,8,14.52,6.48,Boreal forest
2006,LOM3,12,89.42,7.73,905.5,NA,NA,NA,NA,NA,43.28,432.5,12.68,24,24,33,42,0.5,16.99,6.8,Nemoral beech forest
2006,MAR1,12,80.83,13.7,769.8,NA,NA,NA,NA,NA,45.81,346.5,18.98,25,25,11,53,33.33,18.08,6.8,Nemoral oak forest
2006,PIE2,12,75,13.52,641,NA,NA,NA,NA,NA,65.38,230.6,20.17,26,25,43,20,26.92,27.12,8.47,Nemoral oak forest
2006,PIE3,12,41,5.25,780.4,NA,NA,NA,NA,NA,50,379,9.89,14,14,8,87,24.02,19.73,6.92,Boreal forest
2006,SAR1,12,83.33,15.66,752.7,NA,NA,NA,NA,NA,110.34,49.5,19.88,36,36,15.86,22,7.79,37.26,5.99,Mediterranean forest
2006,TOS1,12,87.5,15.41,705.7,NA,NA,NA,NA,NA,75.61,125.6,20.48,36,36,21.5,28,32.5,23.84,6.8,Mediterranean forest
2006,VAL1,12,65.42,4.1,1024.5,NA,NA,NA,NA,NA,49.69,492.1,8.45,18,14,17.17,29,1.42,15.07,6.77,Boreal forest
2006,VEN1,12,94.58,9.17,1009.8,NA,NA,NA,NA,NA,64.77,558,14.97,24,16,13.76,35,0,31.78,7.62,Nemoral beech forest
2006,VEN2,12,85.42,14.1,432.8,NA,NA,NA,NA,NA,100.84,159,21.05,30,30,25.97,25,56.25,29.86,8.59,Nemoral oak forest
2007,ABR1,12,97.42,12.92,723.1,7.647,0.032,0.783,0.197,0.01,69.27,186.4,18.49,61,61,10.83,19,3.33,41.37,6.4,Nemoral beech forest
2007,CAM1,12,91.58,13.19,791.9,NA,NA,NA,NA,NA,56.6,181.5,17.93,61,61,21,34,2.17,28.22,5.77,Nemoral beech forest
2007,EMI1,12,70,14.25,645.1,NA,NA,NA,NA,NA,85.19,226.4,21.27,35,35,35.25,31,10.71,21.92,7.76,Nemoral oak forest
2007,FRI1,12,92.67,13.82,846.9,NA,NA,NA,NA,NA,63.29,303.6,20.47,31,31,14.35,56,33.58,21.64,7.04,Nemoral oak forest
2007,LAZ1,12,74.17,14.09,428.1,5.858,0.067,1.563,0.561,0.01,61.58,135.3,19.72,65,65,24,46,43.75,20.55,6.43,Nemoral oak forest
2007,MAR1,12,70.75,14.21,687.3,NA,NA,NA,NA,NA,41.5,189.5,20.46,26,26,9.83,55,22.5,25.21,6.79,Nemoral oak forest
2007,VAL1,12,68.33,4.01,1120.8,NA,NA,NA,NA,NA,59.11,614.8,8.78,21,21,20.14,28,0.75,17.53,5.25,Boreal forest
2007,VEN1,12,95,9.94,1016.5,NA,NA,NA,NA,NA,54.74,534.8,16.25,28,20,14,31,0,32.05,6.66,Nemoral beech forest
2008,ABR1,12,90.67,11.57,1614,7.158,0.018,1.101,0.216,0.01,79.74,423.7,16.46,17,17,5.17,17,3.92,37.7,6.27,Nemoral beech forest
2008,CAL1,12,91.5,14.32,1239.8,NA,NA,NA,NA,NA,121.73,153.7,18.67,75,75,20.3,20,1.5,14.48,5.79,Nemoral beech forest
2008,CAM1,12,83.83,12.93,971.5,NA,NA,NA,NA,NA,83.52,174.4,17.27,31,31,18,33,1.5,27.6,5.83,Nemoral beech forest
2008,EMI1,12,79.5,13.91,741.8,NA,NA,NA,NA,NA,103.01,284.1,20.3,38,26,55.52,27,15.33,16.12,7.77,Nemoral oak forest
2008,FRI1,12,91.75,13.39,1363.7,NA,NA,NA,NA,NA,47.33,527.7,19.58,32,18,16.13,49,35.42,11.48,7.14,Nemoral oak forest
2008,LAZ1,12,70.83,13.98,981.5,5.111,0.033,1.291,0.551,0.01,77.73,202.7,19.39,26,25,23.5,55,20.83,23.22,6.79,Nemoral oak forest
2008,LOM1,11,60.91,2.57,1629.2,5.935,0.049,0.234,0.451,0.017,40.54,819.1,6.97,23,14,17.67,53,5.27,13.93,5.68,Boreal forest
2008,MAR1,12,79,13.97,825.2,NA,NA,NA,NA,NA,101.99,215.5,19.44,52,40,10,51,19.17,12.57,6.72,Nemoral oak forest
2008,TOS1,12,88.33,15.4,856.6,NA,NA,NA,NA,NA,78.58,156.9,20.42,58,58,18.83,25,41.25,17.76,6.27,Mediterranean forest
2008,VAL1,12,67.92,3.51,1271.1,NA,NA,NA,NA,NA,40.02,592,8.17,19,14,17.33,27,1.25,11.75,5.97,Boreal forest
2008,VEN1,12,95,9.17,1607.3,NA,NA,NA,NA,NA,55.05,632.5,15.19,27,14,16.17,32,0.04,18.03,7.1,Nemoral beech forest
2009,ABR1,12,90.58,11.6,1417.8,6.956,0.016,1.012,0.182,0.065,53.04,381.9,17.21,39,39,3.97,19,4.17,38.9,6.92,Nemoral beech forest
2009,BOL1,12,46.83,11.64,776.5,NA,NA,NA,NA,NA,53.03,295.8,18.75,21,13,13.33,74,18,21.64,8.25,Boreal forest
2009,CAL1,12,80.42,14.28,1611.6,6.178,0.01,1.189,0.773,1.584,81.35,230.5,18.86,32,32,23.77,25,1.92,10.41,5.98,Nemoral beech forest
2009,CAM1,12,90.33,12.73,1397.1,NA,NA,NA,NA,NA,63.5,379.2,17.43,30,30,16.67,29,2.08,24.11,6.19,Nemoral beech forest
2009,EMI1,12,73.5,13.98,884.9,NA,NA,NA,NA,NA,66.27,243,21.48,24,24,34,31,28.75,18.9,8.88,Nemoral oak forest
2009,FRI2,12,83.92,5.7,2082.4,4.98,0.01,0.437,0.452,0.01,41.5,694.3,12.11,16,13,16,51,14.31,15.34,7.63,Boreal forest
2009,LAZ1,12,71.92,13.98,766.8,5.436,0.011,2.205,0.349,0.01,60.39,203.5,19.71,40,37,35.74,56,42.92,21.1,6.98,Nemoral oak forest
2009,LOM1,11,59.09,2.65,1069.9,5.841,0.011,0.739,0.587,0.027,45.07,434.8,8.11,20,15,16.83,54,4.73,13.15,6.83,Boreal forest
2009,MAR1,12,87.5,13.94,871.9,NA,NA,NA,NA,NA,52.5,374.6,19.94,31,29,9,63,18.83,14.79,7.23,Nemoral oak forest
2009,PIE1,12,99.58,9.7,786.9,4.892,0.018,0.541,0.036,0.058,78.07,426.9,16.01,22,14,26.33,12,0.67,18.08,7.56,Nemoral beech forest
2009,PIE3,12,28.33,4.95,953.8,5.667,0.01,0.31,0.062,0.458,48.06,403.4,10.67,21,15,8.17,79,27.5,11.78,7.12,Boreal forest
2009,SAR1,12,87.92,15.42,963.2,NA,NA,NA,NA,NA,84.82,206.1,20.02,105,91,18.5,22,6.62,39.45,6.16,Mediterranean forest
2009,SIC1,12,65.42,15.91,764.6,NA,NA,NA,NA,NA,84.05,120.1,20.08,79,69,15,35,42.92,15.07,5.75,Nemoral oak forest
2009,TOS1,12,91.92,15.58,764.1,NA,NA,NA,NA,NA,76.48,118.9,21.35,82,69,15.83,26,25.08,27.67,7.06,Mediterranean forest
2009,TRE1,12,36.67,9.62,1050.3,4.261,0.031,0.339,0.343,0.01,52.28,445.1,16.37,21,20,13.17,16,0.58,26.85,7.93,Boreal forest
2009,VEN1,12,95.17,9.03,1178.8,NA,NA,NA,NA,NA,47.16,402.5,15.85,21,15,20.83,37,0,21.64,8.15,Nemoral beech forest
2009,VEN2,12,82.92,14.65,671,NA,NA,NA,NA,NA,53.87,213.5,22.19,43,43,27.76,27,43.33,31.23,8.66,Nemoral oak forest
2010,ABR2,12,74.83,11.23,1482.6,NA,NA,NA,NA,NA,76.32,368.9,16.35,30,25,19.5,63,10.75,20,6.45,Nemoral oak forest
2010,BAS1,12,75.33,12.54,1411,NA,NA,NA,NA,NA,60.95,338.4,17.05,33,31,15.17,80,7.92,10.96,5.95,Nemoral oak forest
2010,EMI2,12,81.75,10.46,1557,NA,NA,NA,NA,NA,55.81,419.5,16.68,23,23,17.68,22,9.5,4.93,7.56,Nemoral beech forest
2010,FRI1,12,90.92,12.67,1569.6,NA,NA,NA,NA,NA,55.05,540.5,19.34,17,13,25.48,55,35.75,9.59,7.72,Nemoral oak forest
2010,LAZ2,12,89.33,16.11,1088.2,NA,NA,NA,NA,NA,89.76,187.3,20.73,43,36,15,22,9.08,24.66,6.08,Mediterranean forest
2010,LIG1,12,100,8.17,2402.6,NA,NA,NA,NA,NA,64.38,629,13.76,21,21,22.83,20,0.42,3.84,6.74,Nemoral beech forest
2010,LOM2,12,80.83,7.44,1380.9,NA,NA,NA,NA,NA,58.4,531.7,13.35,19,12,20.67,35,1,4.66,7.01,Boreal forest
2010,LOM3,12,99.58,6.23,1245.3,NA,NA,NA,NA,NA,59.32,584.2,12.12,25,11,33,38,0.33,1.37,6.98,Nemoral beech forest
2010,PIE2,12,85,12.66,1146.9,NA,NA,NA,NA,NA,60.96,466.2,20.01,22,16,50.17,24,19.67,10.68,8.52,Nemoral oak forest
2010,PUG1,12,93.33,13.99,1047.1,NA,NA,NA,NA,NA,67.71,219.2,18.74,38,38,15.52,24,16.67,9.04,6.16,Nemoral beech forest
2010,TOS2,12,88.75,14.47,815.8,NA,NA,NA,NA,NA,75.99,202.1,19.4,45,45,15.67,20,19.25,15.62,6.29,Mediterranean forest
2010,TOS3,12,96.67,9.36,1734.3,NA,NA,NA,NA,NA,59.99,506.2,14.87,30,30,16.67,12,4.42,5.48,6.74,Nemoral beech forest
2010,UMB1,12,79.42,11.73,1561.6,NA,NA,NA,NA,NA,61.9,475.8,17.31,37,37,21.83,55,53.5,7.67,6.9,Nemoral oak forest
2010,VAL1,12,73.75,2.76,1087.6,NA,NA,NA,NA,NA,46.32,507.7,8.57,18,11,18.33,26,1.5,10.14,7.17,Boreal forest
2011,ABR1,12,88.58,11.98,1054.9,7.35,0.013,0.62,0.168,0.01,80.89,280.4,16.77,44,26,12.67,18,3,45.48,6.48,Nemoral beech forest
2011,ABR2,12,76.92,12.22,864.5,NA,NA,NA,NA,NA,70.1,244.5,17.03,51,33,11.33,69,9.17,41.37,6.5,Nemoral oak forest
2011,BAS1,12,79.25,13,748.7,NA,NA,NA,NA,NA,64.48,199.7,17.14,52,43,12.41,70,10.33,19.45,5.98,Nemoral oak forest
2011,BOL1,12,44.75,12.45,698.5,NA,NA,NA,NA,NA,79.86,380.8,19.06,34,21,12.18,76,19.08,32.6,7.67,Boreal forest
2011,CAL1,12,93,13.6,1298.3,6.113,0.047,0.927,1.328,2.229,78.07,198.9,17.55,55,42,18.19,28,1.96,7.12,5.8,Nemoral beech forest
2011,CAM1,12,87.58,12.91,771.6,NA,NA,NA,NA,NA,68.25,190.6,16.9,52,42,15.83,30,2.14,26.58,5.81,Nemoral beech forest
2011,EMI1,12,68.75,13.84,636.8,4.673,0.025,2.475,0.203,7.149,81.05,188.6,20.92,41,38,58.11,26,24.58,21.1,8.43,Nemoral oak forest
2011,EMI2,12,86.17,12.31,910.5,NA,NA,NA,NA,NA,67.46,220.7,18.41,26,23,30,24,9.33,21.1,7.35,Nemoral beech forest
2011,FRI1,12,91.92,13.73,797.8,NA,NA,NA,NA,NA,73.37,303,20.38,28,25,20.78,51,33.33,25.75,7.83,Nemoral oak forest
2011,FRI2,12,83.33,6.49,1534.1,6.383,0.01,0.321,0.445,0.01,59.75,761.3,12.18,25,12,16.03,49,16.32,23.29,6.85,Boreal forest
2011,LAZ1,12,77.83,14,527.2,5,0.01,1.897,0.073,0.01,63.29,182.3,19.29,51,34,29.39,52,27.08,28.77,6.74,Nemoral oak forest
2011,LAZ2,12,45.25,16.71,618.7,NA,NA,NA,NA,NA,119.26,56.8,21.01,53,35,46.5,18,7.83,37.81,5.95,Mediterranean forest
2011,LIG1,12,100,9.73,1739.2,NA,NA,NA,NA,NA,57.17,447.1,14.67,22,18,22.83,20,0.42,14.52,6.03,Nemoral beech forest
2011,LOM1,11,56.36,3.47,928.6,5.4,0.026,0.162,0.496,0.069,62.19,491.9,7.81,33,23,19.5,53,5.55,21.37,5.73,Boreal forest
2011,LOM2,12,74.17,9.22,1054.7,NA,NA,NA,NA,NA,63.86,514.1,14.22,40,26,21.9,31,0.67,20.27,6.04,Boreal forest
2011,LOM3,12,97.92,8.23,961.9,NA,NA,NA,NA,NA,70.57,518.2,13.13,42,28,31.72,39,0.5,18.08,6.18,Nemoral beech forest
2011,MAR1,12,74.58,13.46,722.5,NA,NA,NA,NA,NA,78.78,223.2,18.92,47,34,10.83,53,22.58,17.53,7.11,Nemoral oak forest
2011,PIE1,12,97.5,10.28,754.8,5.278,0.01,0.314,0.081,0.206,92.16,366.5,15.84,36,28,28.67,8,0.79,23.56,6.71,Nemoral beech forest
2011,PIE2,12,85.83,13.59,809.6,NA,NA,NA,NA,NA,93.92,383.4,20.56,37,28,46.61,24,19.5,22.74,8.18,Nemoral oak forest
2011,PIE3,12,28.33,6,828.9,5.713,0.01,0.381,0.211,0.489,73.65,356.4,10.64,38,27,7.67,82,28.08,26.03,6,Boreal forest
2011,PUG1,12,95.58,14.89,650.3,NA,NA,NA,NA,NA,63.54,155.1,19.26,52,34,12.78,22,15.83,25.21,6.23,Nemoral beech forest
2011,SAR1,12,96.5,15.6,946,NA,NA,NA,NA,NA,86.14,118.9,19.62,38,36,14.31,22,7.17,38.63,5.8,Mediterranean forest
2011,SIC1,12,64.17,15.81,555.2,NA,NA,NA,NA,NA,89.81,96.3,19.48,99,81,17.94,31,42.5,13.97,5.42,Nemoral oak forest
2011,TOS1,12,87.92,15.63,489.7,NA,NA,NA,NA,NA,77.38,98.7,20.78,40,40,13.83,30,19.92,28.77,6.46,Mediterranean forest
2011,TOS2,12,82.17,15.36,459.6,NA,NA,NA,NA,NA,74.76,73.8,19.96,38,34,20.69,12,22.58,28.77,6.04,Mediterranean forest
2011,TOS3,12,94.67,10.68,741.5,NA,NA,NA,NA,NA,78.23,198.3,15.93,36,32,27.33,14,6.58,16.71,6.66,Nemoral beech forest
2011,TRE1,12,35,10.76,935.3,4.413,0.104,0.181,0.519,0.029,62.11,516.4,16.64,33,20,12.75,16,0.58,35.07,7.04,Boreal forest
2011,UMB1,12,77.92,13.04,823.9,NA,NA,NA,NA,NA,67.23,259.9,18.24,51,34,18.28,57,55.25,21.1,6.76,Nemoral oak forest
2011,VAL1,12,75,4.91,1043.5,NA,NA,NA,NA,NA,77.87,454,9.53,33,10,15.5,25,1.08,21.92,5.88,Boreal forest
2011,VEN1,12,97,10,755.4,6.456,0.01,0.74,0.091,0.35,72.52,438,16.28,35,16,20.96,36,0,32.05,7.55,Nemoral beech forest
2011,VEN2,12,82.67,15.25,527.9,NA,NA,NA,NA,NA,78.49,174.1,22.52,41,38,22.5,27,48.67,38.63,8.47,Nemoral oak forest
2012,ABR1,12,90.25,12.09,1306.3,7.65,0.01,0.655,0.205,0.075,73.72,360.7,17.69,48,48,19.33,15,5.33,50.82,7.53,Nemoral beech forest
2012,ABR2,12,78.92,12.08,1129.2,NA,NA,NA,NA,NA,66.66,311.4,17.63,48,48,12.83,65,15.5,42.62,7.59,Nemoral oak forest
2012,BOL1,12,46.92,12.07,870.2,NA,NA,NA,NA,NA,79.27,435.1,18.71,29,9,11.67,79,19.67,26.78,8.08,Boreal forest
2012,CAL1,12,93.25,13.91,1465.2,6.167,0.01,1.116,0.914,0.405,84.79,244.8,18.38,55,55,15.88,26,1.34,10.38,6.6,Nemoral beech forest
2012,CAM1,12,87.75,12.8,1081.7,NA,NA,NA,NA,NA,64.58,361.9,17.48,47,47,13.17,32,1.88,31.97,6.85,Nemoral beech forest
2012,EMI1,12,67.42,13.66,686.2,4.529,0.02,1.849,0.177,12.526,92.59,161.6,21.07,46,46,63,26,13,26.78,9.21,Nemoral oak forest
2012,FRI1,12,91.58,13.62,982.4,NA,NA,NA,NA,NA,83.13,371,20.49,46,26,23.59,53,35.08,23.22,8.52,Nemoral oak forest
2012,FRI2,12,83,6.07,1970.7,5.744,0.043,0.312,0.392,0.01,71.56,892,12.11,26,7,15.97,47,15.42,19.13,7.77,Boreal forest
2012,LAZ1,12,75.25,13.95,859.5,5.85,0.01,0.64,0.64,0.01,125.9,181.4,19.84,41,41,33.07,46,25.83,26.78,7.8,Nemoral oak forest
2012,LAZ2,12,64.67,16.82,856.9,NA,NA,NA,NA,NA,96.45,193.3,21.4,37,37,NA,21,15.58,32.79,6.47,Mediterranean forest
2012,LOM1,11,56.36,2.69,1072.3,NA,NA,0.35,0.256,0.021,46.24,583.1,7.52,18,10,NA,53,5.45,21.58,6.58,Boreal forest
2012,MAR1,12,79.58,13.6,954.6,NA,NA,NA,NA,NA,86.76,253.9,19.83,39,39,11.45,62,25.75,17.76,7.99,Nemoral oak forest
2012,PIE1,12,98.33,9.92,754,5.067,0.01,0.357,0.053,0.262,65.13,394,15.63,33,15,26.33,9,0.75,22.4,7.33,Nemoral beech forest
2012,PIE3,12,30.83,5.11,966.4,NA,NA,NA,NA,NA,43.61,442.3,10.27,18,13,7.33,79,28.5,18.31,6.99,Boreal forest
2012,PUG1,12,92.42,14.7,896.6,NA,NA,NA,NA,NA,69.98,253.5,19.63,47,47,17.41,23,13.67,22.4,7.08,Nemoral beech forest
2012,SAR1,12,89.5,15.66,573.6,NA,NA,NA,NA,NA,80.67,148.7,20.35,56,56,17.17,19,4.08,45.63,6.75,Mediterranean forest
2012,SIC1,12,64.58,16.11,502.8,NA,NA,NA,NA,NA,76.81,131.2,20.26,60,60,21.36,34,44.17,18.03,6.28,Nemoral oak forest
2012,TOS2,12,79.42,15.21,687.6,NA,NA,NA,NA,NA,124.58,163.9,20.19,79,79,31.07,14,15.58,30.33,6.89,Mediterranean forest
2012,TRE1,12,36.67,10.05,1145,4.333,0.018,0.165,0.626,0.01,69.08,606.6,16.2,26,8,12,16,0.58,26.5,7.61,Boreal forest
2012,VAL1,12,76.67,4.1,1128.4,NA,NA,NA,NA,NA,54.18,504.9,9.13,15,8,10.5,22,0.92,17.49,6.81,Boreal forest
2012,VEN1,12,97.58,9.44,1326.8,6.533,0.01,0.738,0.118,0.339,90.74,516,15.92,47,11,20.48,34,0,26.23,8.06,Nemoral beech forest
2012,VEN2,12,86.83,14.97,579.9,NA,NA,NA,NA,NA,93.86,201.5,22.63,44,40,26.43,19,46.92,38.52,9.38,Nemoral oak forest
2013,ABR1,4,93.25,11.54,1771.7,6.775,0.01,0.418,0.27,0.01,60.81,439.9,16.5,23,18,10.17,18,3.5,35.07,6.57,Nemoral beech forest
2013,CAL1,4,93.5,13.83,1455.7,6.338,0.016,1.284,1.049,0.072,74.92,250,17.76,30,30,21.81,20,2.12,8.77,5.62,Nemoral beech forest
2013,CAM1,4,89.5,13.08,1345.1,NA,NA,NA,NA,NA,72,243.1,17.42,24,24,15,22,2.2,26.85,6.09,Nemoral beech forest
2013,EMI1,4,68.5,13.14,1031.2,4.728,0.032,2.072,0.172,12.376,76.14,295.5,19.92,26,20,61.75,23,11.75,19.18,8.42,Nemoral oak forest
2013,FRI1,4,93.5,13.52,1228.1,NA,NA,NA,NA,NA,60.95,459.1,19.83,30,14,25,33,31.5,18.63,7.63,Nemoral oak forest
2013,LAZ1,4,75.25,13.41,968.6,5.943,0.01,1.084,0.306,0.055,54.22,279.2,18.59,31,31,15.5,39,23.5,15.07,6.86,Nemoral oak forest
2013,LOM1,4,90.5,2.37,1063,NA,NA,NA,NA,NA,60.98,533.5,6.84,24,9,NA,42,10,13.97,6.29,Boreal forest
2013,MAR1,4,79.75,13.15,1295.4,NA,NA,NA,NA,NA,79.13,380.2,18.27,31,31,9.83,49,19,11.23,6.74,Nemoral oak forest
2013,PIE1,4,98.75,9.27,973.3,5.58,0.01,0.367,0.028,0.143,75,591.9,14.71,27,11,29.13,8,0.25,12.05,6.91,Nemoral beech forest
2013,TOS1,4,91.25,15.16,934,NA,NA,NA,NA,NA,72.5,183.5,20.22,48,48,17.33,16,7.5,18.08,6.84,Mediterranean forest
2013,VAL1,4,85,3.35,1102.8,NA,NA,NA,NA,NA,40.92,497.7,8.11,20,15,12.67,13,1,12.6,6.83,Boreal forest
2013,VEN1,4,97,9.04,1640.2,6.645,0.01,0.507,0.154,0.656,45.05,797.4,15.26,29,10,15.86,20,0,16.99,7.62,Nemoral beech forest
2013,VEN2,4,93.75,14.22,873.6,NA,NA,NA,NA,NA,62.61,326.5,21.27,34,16,24.64,12,41.25,32.05,8.58,Nemoral oak forest
2014,ABR1,4,93.75,11.96,1517.8,7.458,0.01,0.496,0.176,0.01,63.66,446.4,15.52,32,32,11.67,12,4.75,40.82,5.15,Nemoral beech forest
2014,CAL1,4,91.25,14.23,1697.6,6.395,0.01,0.885,0.75,1.811,58.24,422.7,17.18,30,30,18.38,21,1.67,13.15,4.87,Nemoral beech forest
2014,CAM1,4,91.75,13.54,1195,NA,NA,NA,NA,NA,59.61,311.3,16.57,31,31,11.52,23,2.25,28.49,4.87,Nemoral beech forest
2014,EMI1,4,70,14.17,942.9,5.067,0.016,2.112,0.331,8.023,60.88,248.3,19.56,21,14,55.41,20,12,23.29,6.54,Nemoral oak forest
2014,FRI1,4,89.75,14.27,1683.9,NA,NA,NA,NA,NA,70.32,508.4,19.06,20,13,15.88,31,27.5,16.44,5.79,Nemoral oak forest
2014,LAZ1,4,77.25,13.97,1020.4,5.811,0.01,0.996,0.276,0.01,53.52,312.7,17.96,19,14,13.15,38,22.75,20.55,5.43,Nemoral oak forest
2014,LOM1,4,87,2.97,1604.6,NA,NA,NA,NA,NA,55.78,625,6.4,18,9,22.17,42,7.2,15.62,4.83,Boreal forest
2014,MAR1,4,73.75,13.67,1091.4,NA,NA,NA,NA,NA,36.67,438.6,17.76,17,17,13,50,27.5,10.41,5.28,Nemoral oak forest
2014,PIE1,4,81.25,9.88,1117.2,NA,NA,NA,NA,NA,75.4,451.2,14.49,20,10,41.03,7,0.12,14.52,5.84,Nemoral beech forest
2014,TOS1,4,90,15.69,1293.3,NA,NA,NA,NA,NA,85.49,325,19.35,42,42,15.52,17,8.75,16.71,5.14,Mediterranean forest
2014,VAL1,4,65,4.53,989.2,NA,NA,NA,NA,NA,46.68,476.4,8.29,17,9,12.41,11,3,15.89,5.46,Boreal forest
2014,VEN1,4,94.75,9.73,2273.1,6.709,0.01,0.464,0.045,0.519,81.8,682.2,14.65,19,9,12.41,25,0.05,15.07,6.15,Nemoral beech forest
2014,VEN2,4,91.25,15.17,888.4,NA,NA,NA,NA,NA,52.49,316.4,20.69,21,14,20.77,11,43.75,30.68,6.56,Nemoral oak forest
2016,ABR1,12,58.75,12.11,1146.7,7.175,0.01,0.688,0.188,0.01,54.62,399.6,16.74,23,12,27.93,24,2.92,36.34,5.81,Nemoral beech forest
2016,CAL1,12,84.75,15.08,919.4,6.205,0.014,0.958,0.482,2.051,88.79,144.1,18.68,40,40,22.92,30,1.72,7.1,5.05,Nemoral beech forest
2016,EMI1,12,61.92,13.77,603.5,4.555,0.112,1.849,0.226,8.491,98.02,149.9,20.35,33,20,51.77,30,23.75,15.3,7.93,Nemoral oak forest
2016,LAZ1,12,55.92,13.62,822.6,5.583,0.01,1.101,0.538,0.01,61.71,240,18.57,16,16,22,50,8.17,19.95,6.17,Nemoral oak forest
2016,PIE1,12,90,9.67,840.3,5.306,0.01,0.415,0.083,0.271,61.15,412.3,14.95,23,9,40.27,11,2,16.67,6.55,Nemoral beech forest
2016,VEN1,12,93.08,9.61,1259.2,6.17,0.01,0.396,0.239,1.01,49.51,611.7,15.27,35,8,21.55,35,0.06,19.95,6.94,Nemoral beech forest
2016,VEN2,12,76.08,14.3,569,NA,NA,NA,NA,NA,75.94,225.1,21.1,25,25,21.4,19,51,36.34,8.13,Nemoral oak forest
2019,ABR1,12,89.42,12.01,1516.9,NA,NA,NA,NA,NA,97.45,485.5,16.6,27,20,21.33,20,2.92,33.97,6.92,Nemoral beech forest
2019,CAL1,12,93.5,14.98,1243.6,5.447,0.073,0.943,2,5.589,83.29,256.7,19.4,38,38,36.21,25,64.92,15.62,6.91,Nemoral beech forest
2019,EMI1,12,67.75,14.66,1114.8,4.435,0.116,1.791,0.119,9.386,88.83,525.2,20.68,30,23,54.27,25,21.08,19.73,8.21,Nemoral oak forest
2019,LAZ1,12,73.17,13.5,1095.2,NA,NA,NA,NA,NA,95.67,376.8,18.46,41,41,18.68,44,32.08,24.66,7.13,Nemoral oak forest
2019,PIE1,12,93.42,9.59,947.8,NA,NA,NA,NA,NA,86.92,364,14.84,26,10,32,10,1.83,20.82,6.91,Nemoral beech forest
2019,VEN1,12,78.75,9.84,1935.5,6.528,0.014,0.355,0.158,0.135,102.02,886.7,15.56,20,9,22.86,38,0.04,22.19,7.31,Nemoral beech forest
2020,ABR1,12,89,12.09,1238.1,NA,NA,NA,NA,NA,92.16,289.1,16.85,19,19,20.69,22,3.42,41.26,6,Nemoral beech forest
2020,CAL1,12,92.42,14.82,1289.7,6.028,0.047,1.307,1.565,3.139,89.51,334.4,19.16,25,25,37.88,28,64.92,13.93,5.83,Nemoral beech forest
2020,EMI1,12,68.75,14.56,820.8,4.689,0.059,2.553,0.122,5.199,100.83,342.7,20.97,35,18,24.27,29,24.83,12.57,7.6,Nemoral oak forest
2020,LAZ1,12,73.5,13.38,795.8,NA,NA,NA,NA,NA,94.34,193.6,18.46,43,43,16.21,45,33.08,23.5,6.36,Nemoral oak forest
2020,PIE1,12,95.08,9.54,829.2,NA,NA,NA,NA,NA,95.93,453.8,15.2,19,18,37.3,10,2.13,18.31,6.61,Nemoral beech forest
2020,VEN1,12,90,9.76,1768.6,6.652,0.044,0.425,0.09,0.107,104.93,724.4,15.58,28,27,12.32,36,0.07,21.86,6.83,Nemoral beech forest
2020,VEN2,12,65.42,13.88,665.7,NA,NA,NA,NA,NA,89.2,285.2,20.41,19,18,22.83,20,53.75,26.5,7.69,Nemoral oak forest
2023,ABR1,12,96.67,12.22,1110.2,NA,NA,NA,NA,NA,72.06,460.4,15.97,30,30,NA,16,3.3,36.99,6.44,Nemoral beech forest
2023,BOL1,12,65,13.06,931.9,NA,NA,NA,NA,NA,80.1,508.2,19.19,53,14,NA,46,21.92,26.85,7.92,Boreal forest
2023,CAL1,12,90.08,14.89,914.4,NA,NA,NA,NA,NA,83.19,295.1,17.85,22,22,NA,24,1.92,12.05,5.72,Nemoral beech forest
2023,EMI1,12,75,15.15,665.8,NA,NA,NA,NA,NA,89.15,302.5,20.8,28,23,NA,22,6.5,28.77,7.73,Nemoral oak forest
2023,LAZ1,12,78.33,14.34,748.5,NA,NA,NA,NA,NA,65.64,262.2,18.85,30,22,NA,42,6.46,30.41,6.88,Nemoral oak forest
2023,PIE1,12,95.58,10.15,882.6,NA,NA,NA,NA,NA,51.72,476.8,15.27,49,11,NA,9,2.73,27.12,6.84,Nemoral beech forest
2023,TOS2,12,85.67,15.39,760.2,NA,NA,NA,NA,NA,62.43,229.7,19.42,50,50,NA,20,2.58,40.27,6.2,Mediterranean forest
2023,VEN1,12,95.33,10.45,1098.9,NA,NA,NA,NA,NA,66.37,686.7,15.89,35,14,NA,31,0.12,33.42,7.46,Nemoral beech forest
2023,VEN2,12,60.67,14.92,513.1,NA,NA,NA,NA,NA,85.52,285.9,20.73,32,22,NA,22,35.42,41.64,7.8,Nemoral oak forest
